sample_id;concept_key;origin;concept_name;concept_label;concept_definition;cand1_dpv;cand1_label;cand1_definition;cand2_dpv;cand2_label;cand2_definition;cand3_dpv;cand3_label;cand3_definition;gold_dpv_name;gold_relation;notes;
1;ai:AdequateProtectionLevel;ai;AdequateProtectionLevel;nivel adecuado de protección;Estándar requerido para que países u organizaciones puedan recibir datos personales de forma segura.;hasDataProtectionOfficer;has data protection officer;Specifies an associated data protection officer;hasRiskLevel;has risk level;Indicates the associated risk level associated with a risk;hasSensitivityLevel;has sensitivity level;Indicates the associated level of sensitivity;hasDataProtectionOfficer;relatedMatch;;
2;ai:DataBreachException;ai;DataBreachException;excepciones a la notificación de vulneración;Casos específicos donde no es necesario notificar al titular sobre una vulneración de seguridad bajo condiciones demostrables.;hasDataProtectionOfficer;has data protection officer;Specifies an associated data protection officer;hasNotificationStatus;has notification status;Indicates the status associated with a notice;hasProhibition;has prohibition;Specifies applicability or inclusion of a prohibition rule within specified context;none;none;;
3;ai:DataProtectionRegistry;ai;DataProtectionRegistry;Registro Nacional de Protección de Datos Personales;Sistema donde se registran las transferencias internacionales de datos personales.;DataTransferRecord;Data Transfer Record;Record of data transfer activities;DataTransferNotice;Data Transfer Notice;Notice for the legal entity for the transfer of its data;DataProtectionTraining;Data Protection Training;Training intended to increase knowledge regarding data protection;DataTransferRecord;closeMatch;;
4;ai:DataSuperintendent;ai;DataSuperintendent;Superintendente de Protección de Datos;Titular de la Autoridad de Protección de Datos, designado por méritos y especialidad, encargado de dirigir la institución por un período de 5 años.;DataProtectionAuthority;Data Protection Authority;An authority tasked with overseeing legal compliance regarding privacy and data protection laws.;DataProtectionOfficer;Data Protection Officer;An entity within or authorised by an organisation to monitor internal compliance, inform and advise on data protection obligations and act as a contact point for data subjects and the supervisory authority.;DataGovernance;Data Governance;Measures associated with topics typically considered to be part of 'Data Governance';DataProtectionAuthority;closeMatch;;
5;ai:InternationalTransfer;ai;InternationalTransfer;Transferencia o comunicación internacional de datos personales;Acto de transferir datos a otros países siempre que se garantice un nivel adecuado de protección.;hasDataExporter;has data exporter;Indicates inclusion or applicability of a LegalEntity in the role of Data Exporter;hasDataImporter;has data importer;Indicates inclusion or applicability of a LegalEntity in the role of Data Importer;hasRecipientDataController;has recipient data controller;Indicates inclusion or applicability of a Data Controller as a Recipient of personal data;CrossBorderTransfer;exactMatch;;
6;ai:PrincipleOfLoyalty;ai;PrincipleOfLoyalty;Lealtad;Tratamiento claro y leal donde el titular conoce cómo se utilizan sus datos, prohibiendo medios ilícitos.;hasPurpose;has purpose;Indicates association with Purpose;hasLawfulness;has lawfulness;Indicates the status of being lawful or legally compliant;hasRepresentative;has representative;Specifies representative of the legal entity;none;none;;
7;ai:ProportionalityPrinciple;ai;ProportionalityPrinciple;principio de proporcionalidad;Criterio utilizado para establecer la cuantía de la multa basado en la intencionalidad, reiteración, perjuicio y reincidencia.;supportsComplianceWith;supports Compliance With;Indicate the measure is required for meeting specified requirement or satisfying specified condition/constraint;isMitigatedByMeasure;is mitigated by measure;Indicate a risk is mitigated by specified measure;hasDeterrence;has deterrence;Specifies applicability or inclusion of a deterrence rule within specified context;isMitigatedByMeasure;relatedMatch;;
8;ai:Responsible;ai;Responsible;responsable;Entidad o persona que decide sobre el tratamiento de datos personales.;DataController;Data Controller;The individual or organisation that decides (or controls) the purpose(s) of processing personal data.;Consent;Consent;Consent of the Data Subject for specified process or activity;ConsultationWithDataSubject;Consultation with Data Subject;Consultation with data subject(s) or their representative(s);DataController;exactMatch;;
9;ai:RightToErasure;ai;RightToErasure;Derecho de eliminación;Derecho a que se supriman datos cuando el tratamiento es ilegal, innecesario o se revoca el consentimiento.;hasRight;has right;Indicates use or applicability of Right;isMitigatedByMeasure;is mitigated by measure;Indicate a risk is mitigated by specified measure;hasProhibition;has prohibition;Specifies applicability or inclusion of a prohibition rule within specified context;DataErasurePolicy;broadMatch;;
10;ai:SecurityPrinciple;ai;SecurityPrinciple;principio de seguridad;Obligación del responsable o encargado de adoptar medidas técnicas y organizativas para proteger los datos personales.;hasDeterrence;has deterrence;Specifies applicability or inclusion of a deterrence rule within specified context;supportsComplianceWith;supports Compliance With;Indicate the measure is required for meeting specified requirement or satisfying specified condition/constraint;hasDataProtectionOfficer;has data protection officer;Specifies an associated data protection officer;supportsComplianceWith;relatedMatch;;
11;http://www.semanticweb.org/franc/ontologies/2023/9/OntologiaLOPDP#Certifying_entity_in_verification;ontology;Certifying_entity_in_verification;;;IdentityVerification;Identity Verification;Purposes associated with verifying or authenticating identity as a form of security;Verification;Verification;Purposes association with verification e.g. information, identity, integrity;HumanInvolvementForVerification;Human Involvement for Verification;Human involvement for the purposes of verification of specified context to ensure its operations, inputs, or outputs are correct or are acceptable.;none;none;;
12;http://www.semanticweb.org/franc/ontologies/2023/9/OntologiaLOPDP#Cessation_of_treatment;ontology;Cessation_of_treatment;;;isResidualRiskOf;is residual risk of;Indicates this risk is the remaining or residual risk from applying mitigation measures or treatments to specified risk;hasResidualRisk;has residual risk;Indicates the associated risk is the remaining or residual risk from applying mitigation measures or treatments to this risk;hasSeverity;has severity;Indicates the severity associated with a concept;none;none;;
13;http://www.semanticweb.org/franc/ontologies/2023/9/OntologiaLOPDP#Claims_defense;ontology;Claims_defense;;;Deterrence;Deterrence;A rule describing a deterrence for performing an activity;ProtectionOfNationalSecurity;Protection of National Security;Purposes associated with the protection of national security;DisputeManagement;Dispute Management;Purposes associated with activities that manage disputes by natural persons, private bodies, or public authorities relevant to organisation;DisputeManagement;broadMatch;;
14;http://www.semanticweb.org/franc/ontologies/2023/9/OntologiaLOPDP#Clear;ontology;Clear;;;hasLegalMeasure;has legal measure;Indicates use or applicability of Legal measure;hasApplicableLaw;has applicable law;Indicates applicability of a Law;hasRight;has right;Indicates use or applicability of Right;hasLegalMeasure;relatedMatch;;
15;http://www.semanticweb.org/ley-organica-proteccion-datos-personales#Confidentiality;ontology;Confidentiality;;;ConfidentialData;Confidential Data;Data deemed confidential;ConfidentialityAgreement;Confidentiality Agreement;Agreements that enforce confidentiality for e.g. to protect business, professional, or company secrets;StatisticallyConfidentialData;Statistically Confidential Data;Data protected through Statistical Confidentiality regulations and agreements;ConfidentialData;closeMatch;;
16;http://www.semanticweb.org/franc/ontologies/2023/9/OntologiaLOPDP#has_elements_of_transfer_and_communication;ontology;has_elements_of_transfer_and_communication;;;hasStorageCondition;has storage condition;Indicates information about storage condition;hasFulfilmentStatus;has fulfilment status;Specifies the fulfillment status associated with a rule;hasProcessingCondition;has processing condition;Indicates information about processing condition;none;none;;
17;http://www.semanticweb.org/franc/ontologies/2023/9/OntologiaLOPDP#has_the_following_roles;ontology;has_the_following_roles;;;hasResponsibleEntity;has responsible entity;Specifies the indicated entity is responsible within some context;hasInvolvement;has involvement;Indicates the involvement status for the specified context;hasEntityInvolvement;has entity involvement;Indicates involvement of an entity in specified context;none;none;;
18;http://www.semanticweb.org/franc/ontologies/2023/9/OntologiaLOPDP#Holder_in_verification;ontology;Holder_in_verification;;;Verification;Verification;Purposes association with verification e.g. information, identity, integrity;IdentityVerification;Identity Verification;Purposes associated with verifying or authenticating identity as a form of security;Certification;Certification;Certification mechanisms, seals, and marks for the purpose of demonstrating compliance;none;none;;
19;http://www.semanticweb.org/ley-organica-proteccion-datos-personales#in_the_case_of_no_direct_data_collection_by_the;ontology;in_the_case_of_no_direct_data_collection_by_the;;;hasNonPersonalDataProcess;has non-personal data process;Indicates association with a Non-Personal Data Process;hasUnstructuredData;has unstructured data;Indicates association with the specified unstructured data;hasRecipientDataController;has recipient data controller;Indicates inclusion or applicability of a Data Controller as a Recipient of personal data;none;none;;
20;http://www.semanticweb.org/ley-organica-proteccion-datos-personales#in_the_face_of_a_denial_or_no_response_to_the_claim;ontology;in_the_face_of_a_denial_or_no_response_to_the_claim;;;hasResponsibleEntity;has responsible entity;Specifies the indicated entity is responsible within some context;hasConsentStatus;has consent status;Specifies the state or status of consent;hasInformedStatus;has informed status;Indicates whether an entity was informed or uninformed;none;none;;
21;http://www.semanticweb.org/ley-organica-proteccion-datos-personales#Inapplicability;ontology;Inapplicability;;;Applicability;Applicability;Concept provided to represent indication of cases where the information or context is not applicable (N/A) or not available or this is not known or determined yet. If the information is applicable and available, this con;UnknownApplicability;Unknown Applicability;Concept indicating information or context availability is unknown i.e. it is not known if the information exists or is applicable and therefore statements about its availability cannot be made (yet);hasApplicability;has applicability;Indicates situations where the context is not applicable, information is not available, or this is unknown. An appropriate instance of dpv:Applicability should be used with this relation to express the situation;UnknownApplicability;relatedMatch;;
22;http://www.semanticweb.org/franc/ontologies/2023/9/OntologiaLOPDP#International;ontology;International;;;InternationalOrganisation;International Organisation;An organisation and its subordinate bodies governed by public international law, or any other body which is set up by, or on the basis of, an agreement between two or more countries;MultiNationalScale;Multi National Scale;Geographic coverage spanning multiple nations;SupraNationalUnion;Supranational Union;A political union of two or more countries with an establishment of common authority;MultiNationalScale;exactMatch;;
23;http://www.semanticweb.org/franc/ontologies/2023/9/OntologiaLOPDP#Legal_institutions;ontology;Legal_institutions;;;LegalEntity;Legal Entity;A human or non-human 'thing' that constitutes as an entity and which is recognised and defined in law;ParentLegalEntity;Parent Legal Entity;A legal entity that has one or more subsidiary entities operating under it;NationalAuthority;National Authority;An authority tasked with overseeing legal compliance for a nation;LegalEntity;closeMatch;En la de OntoPriv se tiene solo instituciones en legalentity se agrega personas;
24;http://www.semanticweb.org/franc/ontologies/2023/9/OntologiaLOPDP#Minor_infractions_national_public_company;ontology;Minor_infractions_national_public_company;;;hasOrganisationalUnit;has organisational unit;Indicates the specified entity is a unit of the organisation;hasJurisdiction;has jurisdiction;Indicates applicability of specified jurisdiction;isOrganisationalUnitOf;is organisational unit of;Indicates this entity is an organisational unit of the specified entity;none;none;;
25;http://www.semanticweb.org/ley-organica-proteccion-datos-personales#must_comply_with;ontology;must_comply_with;;;supportsComplianceWith;supports Compliance With;Indicate the measure is required for meeting specified requirement or satisfying specified condition/constraint;hasComplianceStatus;has compliance status;Indicates the status of compliance of specified concept;hasConsentStatus;has consent status;Specifies the state or status of consent;supportsComplianceWith;closeMatch;;
26;http://www.semanticweb.org/franc/ontologies/2023/9/OntologiaLOPDP#Protection_policies;ontology;Protection_policies;;;hasDataProtectionOfficer;has data protection officer;Specifies an associated data protection officer;hasPolicy;has policy;Indicates policy applicable or used;hasProhibition;has prohibition;Specifies applicability or inclusion of a prohibition rule within specified context;none;none;;
27;http://www.semanticweb.org/franc/ontologies/2023/9/OntologiaLOPDP#right_of_access_time;ontology;right_of_access_time;;;hasRight;has right;Indicates use or applicability of Right;isIndicatedAtTime;is indicated at time;Specifies the temporal information for when the entity has indicated the specific context;hasPermission;has permission;Specifies applicability or inclusion of a permission rule within specified context;isIndicatedAtTime;broadMatch;;
28;http://www.semanticweb.org/franc/ontologies/2023/9/OntologiaLOPDP#time_of_right_to_elimination;ontology;time_of_right_to_elimination;;;isIndicatedAtTime;is indicated at time;Specifies the temporal information for when the entity has indicated the specific context;hasRight;has right;Indicates use or applicability of Right;mitigatesRisk;mitigates risk;Indicates risks mitigated by this concept;isIndicatedAtTime;broadMatch;;
29;http://www.semanticweb.org/ley-organica-proteccion-datos-personales#types_of_safety_measures;ontology;types_of_safety_measures;;;isMitigatedByMeasure;is mitigated by measure;Indicate a risk is mitigated by specified measure;hasTechnicalMeasure;has technical measure;Indicates use or applicability of Technical measure;hasPhysicalMeasure;has physical measure;Indicates use or applicability of Physical measure;hasTechnicalMeasure;narrowMatch;;
30;http://www.semanticweb.org/franc/ontologies/2023/9/OntologiaLOPDP#Verifiable;ontology;Verifiable;;;hasApplicableLaw;has applicable law;Indicates applicability of a Law;hasLawfulness;has lawfulness;Indicates the status of being lawful or legally compliant;isApplicableFor;is applicable for;Indicates the concept or information is applicable for specified context;hasLawfulness;relatedMatch;;
